frame,left_ground_distance,right_ground_distance,left_contact_zone,right_contact_zone,left_lifted_before,right_lifted_before,left_maximum_lift_before,right_maximum_lift_before,left_contact_entry,right_contact_entry,left_strict_gate,right_strict_gate,ankle_distance_body,ankle_overlap
0,-0.01250214997613562,0.019521704945808988,True,False,False,False,,,False,False,False,False,0.02486236840247165,True
1,-0.012460461149978154,0.01957199550350467,True,False,False,False,,,False,False,False,False,0.02469205477767938,True
2,-0.012206262098192177,0.01985953709099902,True,False,False,False,,,False,False,False,False,0.023961891112549084,True
3,-0.011677404994865895,0.020453481553304485,True,False,False,False,,,False,False,False,False,0.023431631917659318,True
4,-0.011677404994865895,0.020881736340304765,True,False,False,False,,,False,False,False,False,0.02324637572298796,True
5,-0.011949780462810648,0.020881736340304765,True,False,False,False,,,False,False,False,False,0.02324637572298796,True
6,-0.012322232107054791,0.020287682977526415,True,False,False,False,,,False,False,False,False,0.023326633290107215,True
7,-0.012763858598432543,0.01974454335780623,True,False,False,False,,,False,False,False,False,0.023530502257591988,True
8,-0.014243507420548212,0.01830961981096637,True,False,False,False,,,False,False,False,False,0.023530502257591988,True
9,-0.015998578739076962,0.017066573112188878,True,True,False,False,,,False,False,False,False,0.02307645361719008,True
10,-0.019546587773921476,0.01562976978916239,True,True,False,False,,,False,False,False,False,0.021247635187904956,True
11,-0.024909901523984705,0.012476421387046492,True,True,False,False,,,False,False,False,False,0.019481657981191437,True
12,-0.02826176525173269,0.009211267401884278,True,True,False,False,,,False,False,False,False,0.019481657981191437,True
13,-0.028944089118738508,0.00887133801150308,True,True,False,False,,,False,False,False,False,0.023911326103590015,True
14,-0.029165821671617142,0.007425970227455942,True,True,False,False,,,False,False,False,False,0.03534071905752952,True
15,-0.031185316443511264,0.005467750614526797,True,True,False,False,,,False,False,False,False,0.04189199499264606,True
16,-0.03302982776201723,0.004886265865047545,True,True,False,False,,,False,False,False,False,0.04768729972413959,True
17,-0.03369079081350597,0.0038733078432713493,True,True,False,False,,,False,False,False,False,0.04828104384284824,True
18,-0.03369079081350597,0.0036465231946726097,True,True,False,False,,,False,False,False,False,0.05183654110041665,True
19,-0.03280659864150574,0.0036465231946726097,True,True,False,False,,,False,False,False,False,0.05665934104263268,True
20,-0.030688314007861702,0.00505966915679931,True,True,False,False,,,False,False,False,False,0.06155920872787239,True
21,-0.02770520482052137,0.00589360568730931,True,True,False,False,,,False,False,False,False,0.0638655072181245,True
22,-0.025408622677438722,0.006097612883548716,True,True,False,False,,,False,False,False,False,0.06571501124960373,True
23,-0.025000054963273104,0.006097612883548716,True,True,False,False,,,False,False,False,False,0.06871065061193214,True
24,-0.024270712280618206,0.005627779016967405,True,True,False,False,,,False,False,False,False,0.06871065061193214,True
25,-0.022907490344334872,0.004738447065828763,True,True,False,False,,,False,False,False,False,0.06854611296140703,True
26,-0.022905967449161443,0.004192861223570423,True,True,False,False,,,False,False,False,False,0.06776437832130867,True
27,-0.02108772155430571,0.003944327668107361,True,True,False,False,,,False,False,False,False,0.06608791769087986,True
28,-0.020904715475300904,0.0034304158035559484,True,True,False,False,,,False,False,False,False,0.0634633906196198,True
29,-0.020587776797985735,0.003082011991133588,True,True,False,False,,,False,False,False,False,0.05784950561926114,True
30,-0.019367527793508227,0.003082011991133588,True,True,False,False,,,False,False,False,False,0.05103598001123955,True
31,-0.015197109945754007,0.003082011991133588,True,True,False,False,,,False,False,False,False,0.04398790750403838,True
32,-0.009837051553228879,0.002576623020187864,True,True,False,False,,,False,False,False,False,0.04398790750403838,True
33,-5.696661356022306e-05,2.5806504678975375e-05,True,True,False,False,,,False,False,False,False,0.055474691184094434,True
34,0.007846106053505582,-2.5806504678975375e-05,True,True,False,False,,,False,False,False,False,0.0643343661501037,True
35,0.013943985440917649,-2.5806504678975375e-05,True,True,False,False,,,False,False,False,False,0.06986809701187449,True
36,0.020548143810690353,0.0021177507875911133,False,True,False,False,,,False,False,False,False,0.07158751121146183,True
37,0.020548143810690353,0.004310119078339694,False,True,False,False,,,False,False,False,False,0.07158751121146183,True
38,0.01693259565573687,0.004310119078339694,True,True,False,False,,,False,False,False,False,0.06942799836794235,True
39,0.015212750906770548,0.0017472085882908992,True,True,False,False,,,False,False,False,False,0.06821862761638778,True
40,0.005036686382046374,0.000425278845358701,True,True,False,False,,,False,False,False,False,0.06942799836794235,True
41,0.0036114044327037356,-0.0016662046512626032,True,True,False,False,,,False,False,False,False,0.0753949767129495,True
42,0.0016292912946424167,-0.0033724231023469875,True,True,False,False,,,False,False,False,False,0.09001114296591695,False
43,5.696661355966394e-05,-0.0036903971330696293,True,True,False,False,,,False,False,False,False,0.11149674449004572,False
44,-0.0012007477316753768,-0.004427853480063752,True,True,False,False,,,False,False,False,False,0.13113493702202644,False
45,-0.009403639252027135,-0.004735996740733764,True,True,False,False,,,False,False,False,False,0.16116289003413278,False
46,-0.009403639252027135,-0.004735996740733764,True,True,False,False,,,False,False,False,False,0.19288918435941654,False
47,-0.006300242798917397,-0.004359957170242343,True,True,False,False,,,False,False,False,False,0.22367911612433003,False
48,-0.0026032292484678165,-0.003013510218614311,True,True,False,False,,,False,False,False,False,0.24639076150939287,False
49,0.0006748443500714428,-4.788136524922155e-05,True,True,False,False,,,False,False,False,False,0.26605303249543544,False
50,0.0006748443500714428,0.0012981970203252212,True,True,False,False,,,False,False,False,False,0.27851552517937433,False
51,-0.005585849716690721,0.003444340068252723,True,True,False,False,,,False,False,False,False,0.2847568109400333,False
52,-0.021537656669279558,0.006376065013682764,True,True,False,False,,,False,False,False,False,0.28559099981555214,False
53,-0.027977068312330572,0.007766023917408429,True,True,False,False,,,False,False,False,False,0.2895609775517505,False
54,-0.03212857245711306,0.017037497856938724,True,True,False,False,,,False,False,False,False,0.2895609775517505,False
55,-0.03431966357447699,0.03348597933010402,True,False,False,False,,,False,False,False,False,0.2841176591629765,False
56,-0.03431966357447699,0.0461496706150248,True,False,False,False,,,False,False,False,False,0.27647924850081235,False
57,-0.03538725628426279,0.06304976073097834,False,False,False,False,,,False,False,False,False,0.27068352846005433,False
58,-0.03538725628426279,0.09461146422233066,False,False,False,False,,,False,False,False,False,0.27068352846005433,False
59,-0.03888760326525168,0.12163028264442934,False,False,False,True,-0.03212857245711306,0.09461146422233066,False,False,False,False,0.28363257274577097,False
60,-0.03888760326525168,0.14548752266568815,False,False,False,True,-0.03212857245711306,0.12163028264442934,False,False,False,False,0.28936187294248816,False
61,-0.03888760326525168,0.14568268137280554,False,False,False,True,-0.03212857245711306,0.14548752266568815,False,False,False,False,0.3017883585272133,False
62,-0.03993135081975281,0.15352564646827824,False,False,False,True,-0.03212857245711306,0.14568268137280554,False,False,False,False,0.32093339657321174,False
63,-0.041713363330609224,0.17176687314758843,False,False,False,True,-0.03212857245711306,0.15352564646827824,False,False,False,False,0.3587225405076659,False
64,-0.042296997385781035,0.193812379357589,False,False,False,True,-0.03212857245711306,0.17176687314758843,False,False,False,False,0.3886839371370317,False
65,-0.04261699169583049,0.22401977903736336,False,False,False,True,-0.03212857245711306,0.193812379357589,False,False,False,False,0.4308053028951022,False
66,-0.04379229172129189,0.251498933727019,False,False,False,True,-0.03212857245711306,0.22401977903736336,False,False,False,False,0.4715829667632132,False
67,-0.04477886462941294,0.2814379977401087,False,False,False,True,-0.03212857245711306,0.251498933727019,False,False,False,False,0.5187078494116344,False
68,-0.04547896177997762,0.31285497441686394,False,False,False,True,-0.03212857245711306,0.2814379977401087,False,False,False,False,0.5450416184850834,False
69,-0.04580637804860019,0.34942480822398425,False,False,False,True,-0.03212857245711306,0.31285497441686394,False,False,False,False,0.575450228924463,False
70,-0.04682552009325268,0.39001816375347376,False,False,False,True,-0.03212857245711306,0.34942480822398425,False,False,False,False,0.5973559922575236,False
71,-0.047240756527922846,0.40988621089820204,False,False,False,True,-0.03212857245711306,0.39001816375347376,False,False,False,False,0.5995437349181246,False
72,-0.04925010906464956,0.440458260291705,False,False,False,True,-0.03212857245711306,0.40988621089820204,False,False,False,False,0.6087197928951891,False
73,-0.04925010906464956,0.4672492917491683,False,False,False,True,-0.03212857245711306,0.440458260291705,False,False,False,False,0.6087197928951891,False
74,-0.048403852766861134,0.49488894620250534,False,False,False,True,-0.03212857245711306,0.4672492917491683,False,False,False,False,0.6028724220752296,False
75,-0.04491783851072866,0.5015799147246421,False,False,False,True,-0.03212857245711306,0.49488894620250534,False,False,False,False,0.5781461360542464,False
76,-0.0421973310293514,0.5015799147246421,False,False,False,True,-0.03212857245711306,0.5015799147246421,False,False,False,False,0.5482957697569575,False
77,-0.039922546567789444,0.49904517624927536,False,False,False,True,-0.03212857245711306,0.5015799147246421,False,False,False,False,0.520084817659241,False
78,-0.036915668536800644,0.47380646991587355,False,False,False,True,-0.03212857245711306,0.5015799147246421,False,False,False,False,0.4767207731856235,False
79,-0.03664082402931839,0.4645063505765657,False,False,False,True,-0.03212857245711306,0.5015799147246421,False,False,False,False,0.45423607006939903,False
80,-0.03664082402931839,0.443557421484594,False,False,False,True,-0.03212857245711306,0.5015799147246421,False,False,False,False,0.4264111572716934,False
81,-0.0374959029812049,0.42194920957649257,False,False,False,True,-0.03212857245711306,0.5015799147246421,False,False,False,False,0.405525724114395,False
82,-0.03833443589042762,0.4010845351734792,False,False,False,True,-0.03212857245711306,0.5015799147246421,False,False,False,False,0.40120421744079976,False
83,-0.03910225212101361,0.3899240005013121,False,False,False,True,-0.03212857245711306,0.5015799147246421,False,False,False,False,0.39557302879332756,False
84,-0.03978434175709599,0.36956308665586785,False,False,False,True,-0.03212857245711306,0.5015799147246421,False,False,False,False,0.3939129983662519,False
85,-0.040194971931692115,0.3245452167235272,False,False,False,True,-0.03212857245711306,0.5015799147246421,False,False,False,False,0.3939129983662519,False
86,-0.040194971931692115,0.2861009221425285,False,False,False,True,-0.03212857245711306,0.5015799147246421,False,False,False,False,0.4094572759501876,False
87,-0.03984880999872498,0.24791089962637253,False,False,False,True,-0.03212857245711306,0.5015799147246421,False,False,False,False,0.4177161771933354,False
88,-0.03752169987993804,0.20104041110050133,False,False,False,True,-0.03212857245711306,0.5015799147246421,False,False,False,False,0.42883000990852266,False
89,-0.03461735158127653,0.15875894550030134,True,False,False,True,-0.03212857245711306,0.5015799147246421,False,False,False,False,0.45990920488335224,False
90,-0.03128224725044398,0.1156619765021175,True,False,False,True,-0.03212857245711306,0.5015799147246421,False,False,False,False,0.49937554436474485,False
91,-0.030971306502504282,0.07240818106575626,True,False,False,True,-0.03128224725044398,0.5015799147246421,False,False,False,False,0.5503217566841113,False
92,-0.029620082270762623,0.03880170277262559,True,False,False,True,-0.030971306502504282,0.5015799147246421,False,False,False,False,0.5976369791127988,False
93,-0.02934798711736723,0.02404029737791786,True,False,False,True,-0.029620082270762623,0.5015799147246421,False,False,False,False,0.6288289815377398,False
94,-0.028672012989740082,0.013164529527627457,True,True,False,True,-0.02934798711736723,0.5015799147246421,False,True,False,True,0.652215121937432,False
95,-0.028164990105186388,0.0054134360056394435,True,True,False,True,-0.028672012989740082,0.5015799147246421,False,False,False,True,0.6653987697464859,False
96,-0.028164990105186388,-0.00561770273032351,True,True,False,True,-0.028164990105186388,0.5015799147246421,False,False,False,True,0.6847154533942563,False
97,-0.03044077973514844,-0.01851843697983729,True,True,False,True,-0.028164990105186388,0.5015799147246421,False,False,False,True,0.6936500507459635,False
98,-0.03288083835463043,-0.02183834815196866,True,True,False,True,-0.028164990105186388,0.5015799147246421,False,False,False,True,0.695464478542043,False
99,-0.03333967705788207,-0.02183834815196866,True,True,False,True,-0.028164990105186388,0.5015799147246421,False,False,False,True,0.695464478542043,False
100,-0.03391555540226087,-0.021563013536554522,True,True,False,True,-0.028164990105186388,0.5015799147246421,False,False,False,False,0.6874763594471494,False
101,-0.03420269997658523,-0.01993497034149437,True,True,False,True,-0.028164990105186388,0.5015799147246421,False,False,False,False,0.682774802762795,False
102,-0.03583115750825168,-0.019096347101597386,False,True,False,True,-0.028164990105186388,0.5015799147246421,False,False,False,False,0.6788843282072813,False
103,-0.03891939494462113,-0.017522688756288683,False,True,False,True,-0.028164990105186388,0.5015799147246421,False,False,False,False,0.6767737167726388,False
104,-0.04132053386705408,-0.017522688756288683,False,True,False,True,-0.028164990105186388,0.5015799147246421,False,False,False,False,0.6767737167726388,False
105,-0.04189816384609974,-0.018894379131148505,False,True,False,True,-0.028164990105186388,0.5015799147246421,False,False,False,False,0.6775065658138417,False
106,-0.04189816384609974,-0.019727504443192816,False,True,False,True,-0.028164990105186388,0.5015799147246421,False,False,False,False,0.6784165145049844,False
107,-0.041226085998209754,-0.02069009495683952,False,True,False,True,-0.028164990105186388,0.5015799147246421,False,False,False,False,0.6792176693889279,False
108,-0.041226085998209754,-0.02069009495683952,False,True,False,True,-0.028164990105186388,0.5015799147246421,False,False,False,False,0.6792176693889279,False
109,-0.04259007941584194,-0.02126387419701551,False,True,False,True,-0.028164990105186388,0.5015799147246421,False,False,False,False,0.6819816306857183,False
110,-0.044385765740609526,-0.022791667213526972,False,True,False,True,-0.028164990105186388,0.5015799147246421,False,False,False,False,0.6836946150317117,False
111,-0.04491870757583809,-0.023926014526233615,False,True,False,True,-0.028164990105186388,0.5015799147246421,False,False,False,False,0.6842499036267893,False
112,-0.04628497517646204,-0.023926014526233615,False,True,False,True,-0.028164990105186388,0.5015799147246421,False,False,False,False,0.6854067787600127,False
113,-0.0468256700865196,-0.024417214694689698,False,True,False,True,-0.028164990105186388,0.5015799147246421,False,False,False,False,0.6856598287770502,False
114,-0.04831693465237098,-0.024417214694689698,False,True,False,True,-0.028164990105186388,0.5015799147246421,False,False,False,False,0.6862183621023314,False
115,-0.048800252876253634,-0.02365503555494272,False,True,False,True,-0.028164990105186388,0.5015799147246421,False,False,False,False,0.6865441484212619,False
116,-0.048800252876253634,-0.021803941940313546,False,True,False,True,-0.028164990105186388,0.5015799147246421,False,False,False,False,0.6862183621023314,False
117,-0.04832712374125071,-0.013535150001924309,False,True,False,True,-0.028164990105186388,0.5015799147246421,False,False,False,False,0.6866875520804993,False
118,-0.04776361106452358,-0.009488274730234902,False,True,False,True,-0.028164990105186388,0.5015799147246421,False,False,False,False,0.688085756504621,False
119,-0.04832712374125071,-0.0023279815449788422,False,True,False,True,-0.028164990105186388,0.5015799147246421,False,False,False,False,0.688085756504621,False
120,-0.04902020387520414,0.010117507508893073,False,True,False,True,-0.028164990105186388,0.5015799147246421,False,False,False,False,0.6842676666313864,False
121,-0.04902020387520414,0.019850020784701137,False,False,False,True,-0.028164990105186388,0.5015799147246421,False,False,False,False,0.6778530489844707,False
122,-0.04883962086752074,0.026751557617494596,False,False,False,True,-0.028164990105186388,0.5015799147246421,False,False,False,False,0.6703320225122549,False
123,-0.04849209970895854,0.03132517096593477,False,False,False,True,-0.028164990105186388,0.5015799147246421,False,False,False,False,0.6534417247769414,False
124,-0.04547400119372689,0.03654648880618251,False,False,False,True,-0.028164990105186388,0.5015799147246421,False,False,False,False,0.6323059651338786,False
125,-0.045269224856426385,0.03756572762845108,False,False,False,True,-0.028164990105186388,0.5015799147246421,False,False,False,False,0.6121052642757949,False
126,-0.043215385584262946,0.03757940034879913,False,False,False,True,-0.028164990105186388,0.5015799147246421,False,False,False,False,0.5925316050157661,False
127,-0.039197577721264136,0.0400197101620862,False,False,False,True,-0.028164990105186388,0.5015799147246421,False,False,False,False,0.5691793867876459,False
128,-0.03897574907260124,0.04026903863095323,False,False,False,True,-0.028164990105186388,0.5015799147246421,False,False,False,False,0.5478969256631041,False
129,-0.03540192600353991,0.0413377724377909,False,False,False,True,-0.028164990105186388,0.5015799147246421,False,False,False,False,0.5202684298478001,False
130,-0.0338625407529926,0.04249556594346961,True,False,False,True,-0.028164990105186388,0.5015799147246421,False,False,False,False,0.49746951514447535,False
131,-0.030159003369098335,0.04351522193166554,True,False,False,True,-0.028164990105186388,0.5015799147246421,False,False,False,False,0.4681668372348018,False
132,-0.029756262489715777,0.043650334108221375,True,False,False,True,-0.028164990105186388,0.5015799147246421,False,False,False,False,0.43994658991423935,False
133,-0.029291872028993464,0.04381053967203327,True,False,False,True,-0.028164990105186388,0.5015799147246421,False,False,False,False,0.411884237519235,False
134,-0.029756262489715777,0.0491189607649173,True,False,False,True,-0.028164990105186388,0.5015799147246421,False,False,False,False,0.37911000726736915,False
135,-0.030505051246666765,0.049909013856900365,True,False,False,True,-0.028164990105186388,0.5015799147246421,False,False,False,False,0.3493134431823746,False
136,-0.03120585263650377,0.049912185368075804,True,False,False,True,-0.028164990105186388,0.5015799147246421,False,False,False,False,0.32047027216818763,False
137,-0.03155846740154726,0.051903846208994,True,False,False,True,-0.028164990105186388,0.5015799147246421,False,False,False,False,0.29409077966521135,False
138,-0.03187848800764383,0.0557988404395463,True,False,False,True,-0.028164990105186388,0.5015799147246421,False,False,False,False,0.26534106165152765,False
139,-0.03187848800764383,0.06092764123825097,True,False,False,True,-0.028164990105186388,0.5015799147246421,False,False,False,False,0.23323533756615927,False
140,-0.029872091082566433,0.06574347674838688,True,False,False,True,-0.028164990105186388,0.5015799147246421,False,False,False,False,0.20811930180432042,False
141,-0.02771731620662188,0.07483831281497483,True,False,False,True,-0.028164990105186388,0.5015799147246421,False,False,False,False,0.18478004211579052,False
142,-0.02763838796785154,0.08280242705446482,True,False,False,True,-0.02771731620662188,0.5015799147246421,False,False,False,False,0.16038105330824615,False
143,-0.027375811316836248,0.09005156610617975,True,False,False,True,-0.02763838796785154,0.5015799147246421,False,False,False,False,0.14185207685500162,False
144,-0.027069169980671152,0.09244256145248185,True,False,False,True,-0.027375811316836248,0.5015799147246421,False,False,False,False,0.12238748289903462,False
145,-0.027375811316836248,0.09445673298909073,True,False,False,True,-0.027069169980671152,0.5015799147246421,False,False,False,False,0.10665372276356809,False
146,-0.027928320160318324,0.09477882988014198,True,False,False,True,-0.027069169980671152,0.5015799147246421,False,False,False,False,0.09281364304357577,False
147,-0.02808812617566155,0.09570735702322565,True,False,False,True,-0.027069169980671152,0.5015799147246421,False,False,False,False,0.081848920973856,False
148,-0.02808812617566155,0.10055071238730971,True,False,False,True,-0.027069169980671152,0.5015799147246421,False,False,False,False,0.0813298286284593,False
149,-0.02549811930063071,0.10585056390680175,True,False,False,True,-0.027069169980671152,0.5015799147246421,False,False,False,False,0.07727910626073282,True
150,-0.02403620523015039,0.10975668559990674,True,False,False,True,-0.02549811930063071,0.5015799147246421,False,False,False,False,0.07798161956707102,True
151,-0.02331897501093967,0.10585056390680175,True,False,False,True,-0.02403620523015039,0.5015799147246421,False,False,False,False,0.07462550549155451,True
152,-0.02331897501093967,0.10346958412772575,True,False,False,True,-0.02331897501093967,0.5015799147246421,False,False,False,False,0.07798161956707102,True
153,-0.025484281897543492,0.10123399089070817,True,False,False,True,-0.02331897501093967,0.5015799147246421,False,False,False,False,0.08011099185686121,False
154,-0.027321164037895064,0.10106237393184249,True,False,False,True,-0.02331897501093967,0.5015799147246421,False,False,False,False,0.08565927105226882,False
155,-0.029333446540643977,0.09891495881179646,True,False,False,True,-0.02331897501093967,0.5015799147246421,False,False,False,False,0.08858958863599196,False
156,-0.032809388103081094,0.09137458900851471,True,False,False,True,-0.02331897501093967,0.5015799147246421,False,False,False,False,0.08858958863599196,False
157,-0.032809388103081094,0.08038034414395588,True,False,False,True,-0.02331897501093967,0.5015799147246421,False,False,False,False,0.08718031648202558,False
158,-0.02988272913499026,0.0731078241768891,True,False,False,True,-0.02331897501093967,0.5015799147246421,False,False,False,False,0.08297639706285259,False
159,-0.029688118925609495,0.0711141520546467,True,False,False,True,-0.02331897501093967,0.5015799147246421,False,False,False,False,0.08297639706285259,False
160,-0.02896683306835558,0.06125745320084002,True,False,False,True,-0.02331897501093967,0.5015799147246421,False,False,False,False,0.08780461793228424,False
161,-0.02896683306835558,0.05603171008562529,True,False,False,True,-0.02331897501093967,0.5015799147246421,False,False,False,False,0.0926653281781286,False
162,-0.02896683306835558,0.05272262817561539,True,False,False,True,-0.02331897501093967,0.5015799147246421,False,False,False,False,0.10063633921768074,False
163,-0.028193328229205502,0.04851764160395099,True,False,False,False,,,False,False,False,False,0.10975287688670886,False
164,-0.027248263442923474,0.04461977394962255,True,False,False,False,,,False,False,False,False,0.11424106375331447,False
165,-0.0261548091615059,0.04129992639991177,True,False,False,False,,,False,False,False,False,0.11553726485751163,False
166,-0.020144291721901308,0.04032801013829209,True,False,False,False,,,False,False,False,False,0.11568436422601491,False
167,-0.018688539500569604,0.03715408961856155,True,False,False,False,,,False,False,False,False,0.11568436422601491,False
168,-0.018648508756587134,0.031483115933011965,True,False,False,False,,,False,False,False,False,0.11312391109380565,False
169,-0.018688539500569604,0.025251262587753617,True,False,False,False,,,False,False,False,False,0.10761256131061463,False
170,-0.019092474143458184,0.017208937307859763,True,True,False,False,,,False,False,False,False,0.1033940383153984,False
171,-0.019092474143458184,0.017208937307859763,True,True,False,False,,,False,False,False,False,0.09480692913232815,False
172,-0.013845979257032185,0.01771201820179325,True,True,False,False,,,False,False,False,False,0.08573518605068119,False
173,-0.013165575567395671,0.018467821462163223,True,False,False,False,,,False,False,False,False,0.07903153828763973,True
174,-0.011788765326467542,0.01842462205506859,True,False,False,False,,,False,False,False,False,0.07064705738572877,True
175,-0.011341941516910453,0.01842462205506859,True,False,False,False,,,False,False,False,False,0.06200875726460253,True
176,-0.010940783194626947,0.017801891428649085,True,True,False,False,,,False,False,False,False,0.05256543928335096,True
177,-0.010940783194626947,0.01412186535805596,True,True,False,False,,,False,False,False,False,0.046878553648282445,True
178,-0.012538017854718581,0.012595352670923996,True,True,False,False,,,False,False,False,False,0.0330059425400966,True
179,-0.013687406463354876,0.008898822788904668,True,True,False,False,,,False,False,False,False,0.0330059425400966,True
180,-0.01400731737951257,0.006499461207252209,True,True,False,False,,,False,False,False,False,0.04236721027434243,True
181,-0.015136626891458102,0.004489850325396419,True,True,False,False,,,False,False,False,False,0.049092985688553435,True
182,-0.01622887350523933,0.0031350585547317285,True,True,False,False,,,False,False,False,False,0.05561100856432047,True
183,-0.01622887350523933,0.0030057878084490362,True,True,False,False,,,False,False,False,False,0.0657357682081529,True
184,-0.006153949721320367,0.0022335932300809854,True,True,False,False,,,False,False,False,False,0.08242721062772941,False
185,-0.0004137197751600756,0.0014179106520781021,True,True,False,False,,,False,False,False,False,0.09582402671565467,False
186,0.00573883293134082,0.0007793765163372819,True,True,False,False,,,False,False,False,False,0.1098444969855496,False
187,0.017810484518467687,0.0007793765163372819,True,True,False,False,,,False,False,False,False,0.12422704045942838,False
188,0.028510039138586303,0.0012159089942521382,False,True,False,False,,,False,False,False,False,0.13862354626773202,False
189,0.03995116707163387,0.0033638774077640416,False,True,False,False,,,False,False,False,False,0.15243121193054657,False
190,0.045817443231549196,0.0038834222595565482,False,True,False,False,,,False,False,False,False,0.16089471578252912,False
191,0.05505354092582427,0.003922663553563297,False,True,False,False,,,False,False,False,False,0.1733975706696277,False
192,0.06597671451120365,0.0044541650527002655,False,True,False,False,,,False,False,False,False,0.1837308994788626,False
193,0.07168533557966718,0.0044541650527002655,False,True,False,False,,,False,False,False,False,0.19290733592124762,False
194,0.07170485858189202,0.003505673545916572,False,True,False,False,,,False,False,False,False,0.20025474922159983,False
195,0.07170485858189202,0.0031673535000927865,False,True,False,False,,,False,False,False,False,0.20508320933720775,False
196,0.07070921112136429,0.0028845290060433605,False,True,False,False,,,False,False,False,False,0.20508320933720775,False
197,0.062793284508133,0.002591179414964639,False,True,False,False,,,False,False,False,False,0.20490401088697255,False
198,0.05379682833416747,0.0016768955594009898,False,True,False,False,,,False,False,False,False,0.20462983077242272,False
199,0.04662720072993165,-0.00022220921038562796,False,True,False,False,,,False,False,False,False,0.2031749751446424,False
200,0.02148535527933225,-0.0023134307339788395,False,True,False,False,,,False,False,False,False,0.19858240976165636,False
201,0.007441005623528104,-0.0023134307339788395,True,True,False,False,,,False,False,False,False,0.1953426310801116,False
202,-0.0014752280526603588,-0.0016181140932871002,True,True,False,False,,,False,False,False,False,0.19315498455456806,False
203,-0.013295262297732669,-0.0011510958207051056,True,True,False,False,,,False,False,False,False,0.19102413815430555,False
204,-0.02520091393508519,-0.0003606369943303005,True,True,False,False,,,False,False,False,False,0.19102413815430555,False
205,-0.03070772495222381,-5.602330450369995e-05,True,True,False,False,,,False,False,False,False,0.1957124107171795,False
206,-0.037678201823233934,0.001212113559826883,False,True,False,False,,,False,False,False,False,0.19959880238258382,False
207,-0.042378773310283745,0.0038265090545071645,False,True,False,False,,,False,False,False,False,0.2028232253985249,False
208,-0.0444160388469421,0.009580923336343673,False,True,False,False,,,False,False,False,False,0.20872779561948435,False
209,-0.04714904834314012,0.012457688066642466,False,True,False,False,,,False,False,False,False,0.21114374165265135,False
210,-0.04899597269892161,0.015466521338994945,False,True,False,False,,,False,False,False,False,0.2114555095300348,False
211,-0.04915133259522433,0.01664877321715805,False,True,False,False,,,False,False,False,False,0.2114555095300348,False
212,-0.04915133259522433,0.017242347270481323,False,True,False,False,,,False,False,False,False,0.2097187691867651,False
213,-0.047198597933830064,0.018060063009476802,False,False,False,False,,,False,False,False,False,0.20561734473603674,False
214,-0.046592812740566404,0.020399129693910407,False,False,False,False,,,False,False,False,False,0.20439250126626113,False
215,-0.04641034533270364,0.021588577191134096,False,False,False,False,,,False,False,False,False,0.19742327003295956,False
216,-0.04518022970117559,0.021935599435846873,False,False,False,False,,,False,False,False,False,0.19129074200065907,False
217,-0.04347040900677907,0.02307404887168071,False,False,False,False,,,False,False,False,False,0.1845419936012301,False
218,-0.04252268770668942,0.024914224791312937,False,False,False,False,,,False,False,False,False,0.1794275239434456,False
219,-0.04247425267139813,0.02520698073297354,False,False,False,False,,,False,False,False,False,0.1726045919632907,False
220,-0.04247564188521779,0.02542381387964544,False,False,False,False,,,False,False,False,False,0.16278838950954183,False
221,-0.04247425267139813,0.028625849922503197,False,False,False,False,,,False,False,False,False,0.15471653984621786,False
222,-0.04244894929271595,0.028941198380910315,False,False,False,False,,,False,False,False,False,0.14229222350005052,False
223,-0.042264540365743695,0.031429947698124266,False,False,False,False,,,False,False,False,False,0.13235451482060534,False
224,-0.042264540365743695,0.03518122203439271,False,False,False,False,,,False,False,False,False,0.11931639715053313,False
225,-0.04245258136673733,0.03818786316548708,False,False,False,False,,,False,False,False,False,0.10681125292651245,False
226,-0.042496113923429196,0.04456710152668747,False,False,False,False,,,False,False,False,False,0.09414111936006836,False
227,-0.042496113923429196,0.053181250067958624,False,False,False,False,,,False,False,False,False,0.08210643126323645,False
228,-0.042496113923429196,0.05988810410677027,False,False,False,False,,,False,False,False,False,0.0723054056359407,True
229,-0.04250323454527512,0.0667908026039541,False,False,False,False,,,False,False,False,False,0.07190436666089663,True
230,-0.042676720738968964,0.07842505167282926,False,False,False,False,,,False,False,False,False,0.07190436666089663,True
231,-0.042676720738968964,0.08230779438075748,False,False,False,False,,,False,False,False,False,0.07286356993705168,True
232,-0.0426481121997028,0.08580990717540328,False,False,False,False,,,False,False,False,False,0.07300991986865495,True
233,-0.041365193711715355,0.09034555979678889,False,False,False,False,,,False,False,False,False,0.0768225925798383,True
234,-0.04066975173396037,0.09460800346426051,False,False,False,False,,,False,False,False,False,0.08307644168267336,False
235,-0.039824534988542784,0.09460800346426051,False,False,False,False,,,False,False,False,False,0.0913854623096323,False
236,-0.03910383653353532,0.0945138714317866,False,False,False,False,,,False,False,False,False,0.09759134873158022,False
237,-0.03649562091923332,0.09289309751518553,False,False,False,False,,,False,False,False,False,0.1050665668892119,False
238,-0.03648713517766245,0.09045893943854963,False,False,False,False,,,False,False,False,False,0.11274314365818179,False
239,-0.03648713517766245,0.08865470405877442,False,False,False,False,,,False,False,False,False,0.11894433572392646,False
240,-0.03829009158326795,0.08398842788099352,False,False,False,False,,,False,False,False,False,0.13019278145261756,False
241,-0.0440115449629261,0.0795005209725216,False,False,False,False,,,False,False,False,False,0.14294799927622487,False
242,-0.04896511977067632,0.07551501544839885,False,False,False,False,,,False,False,False,False,0.15436313495889237,False
243,-0.051799852793752536,0.06879480277003705,False,False,False,False,,,False,False,False,False,0.16288321183723536,False
244,-0.05322728713922596,0.06151794026911837,False,False,False,False,,,False,False,False,False,0.1681351324831074,False
245,-0.05337969486152163,0.052974316802216,False,False,False,False,,,False,False,False,False,0.17405272273810407,False
246,-0.05364292609614973,0.04465807162650199,False,False,False,False,,,False,False,False,False,0.17880722821292472,False
247,-0.05438055350123031,0.03560850648953797,False,False,False,False,,,False,False,False,False,0.1847677709519318,False
248,-0.05494499052432688,0.02571314003110663,False,False,False,False,,,False,False,False,False,0.18982006142592034,False
249,-0.056221176188954544,0.020052324039546755,False,False,False,False,,,False,False,False,False,0.19723443412943092,False
250,-0.056221176188954544,0.020052324039546755,False,False,False,False,,,False,False,False,False,0.20152791968114603,False
251,-0.045488042007151966,0.0204798121782251,False,False,False,False,,,False,False,False,False,0.20163817402081374,False
252,-0.04267875113378004,0.0204798121782251,False,False,False,False,,,False,False,False,False,0.20303349121269423,False
253,-0.03992237466928119,0.0204798121782251,False,False,False,False,,,False,False,False,False,0.20326313693187967,False
254,-0.03521094264367244,0.02069791594282953,False,False,False,False,,,False,False,False,False,0.2039346633885073,False
255,-0.03489660497481142,0.02069791594282953,True,False,False,False,,,False,False,False,False,0.20326313693187967,False
256,-0.0348586859421498,0.020351798819487673,True,False,False,False,,,False,False,False,False,0.20263225429062975,False
257,-0.03338888807459534,0.020351798819487673,True,False,False,False,,,False,False,False,False,0.2015886253694089,False
258,-0.03321259997105079,0.020351798819487673,True,False,False,False,,,False,False,False,False,0.19890203856452676,False
259,-0.03218361062587097,0.015812853467929603,True,True,False,False,,,False,False,False,False,0.19870706517808298,False
260,-0.030603905781078796,0.0111693015583529,True,True,False,False,,,False,False,False,False,0.19763663528702236,False
261,-0.029152856598354728,0.009192652153894065,True,True,False,False,,,False,False,False,False,0.19716879398925316,False
262,-0.026691337446216865,0.007778432028778825,True,True,False,False,,,False,False,False,False,0.19716879398925316,False
263,-0.026644908908825597,0.004916006591022084,True,True,False,False,,,False,False,False,False,0.1980631937536626,False
264,-0.025008456513092733,0.004916006591022084,True,True,False,False,,,False,False,False,False,0.19818668273700626,False
265,-0.021757748002983957,0.004490142476128687,True,True,False,False,,,False,False,False,False,0.19818668273700626,False
266,-0.020388180741543045,0.0037763210344473486,True,True,False,False,,,False,False,False,False,0.1958574895764511,False
267,-0.019940408344255648,0.002949936427507678,True,True,False,False,,,False,False,False,False,0.19062343055841996,False
268,-0.019940408344255648,2.205339804487168e-05,True,True,False,False,,,False,False,False,False,0.18855794396190512,False
269,-0.020084483106937036,-0.0008248940912578754,True,True,False,False,,,False,False,False,False,0.18683580735282646,False
