frame,timestamp,time_after_fc_sec,wrist_speed_body_s,elbow_angle,cluster_id,selected_cluster,selected_release
74,1.2333333333333334,0.28333333333333344,2.1858576420121607,38.57686333319889,1,True,True
75,1.25,0.30000000000000004,1.7851403210076016,38.11971085712105,1,True,False
76,1.2666666666666666,0.31666666666666665,1.4060446723284723,36.85317908620763,1,True,False
81,1.35,0.40000000000000013,1.8216610582006567,66.67749448439703,2,False,False
82,1.3666666666666667,0.41666666666666674,1.240023892805025,70.7764903219406,2,False,False
83,1.3833333333333333,0.43333333333333335,1.413248314842362,67.86844880668738,2,False,False
84,1.4,0.44999999999999996,1.127664799604282,74.84324534801306,2,False,False
89,1.4833333333333334,0.5333333333333334,1.5694032561455815,171.75500609427908,3,False,False
90,1.5,0.55,1.4566696062625175,169.90338399592767,3,False,False
91,1.5166666666666666,0.5666666666666667,1.0785072087936705,169.68625891008887,3,False,False
92,1.5333333333333332,0.5833333333333333,1.0785072087936705,171.76119991170737,3,False,False
93,1.55,0.6000000000000001,1.1457655162441172,170.8919153576796,3,False,False
