frame,foot_x_raw,foot_y_raw,foot_x_smooth,foot_y_smooth,body_scale,foot_speed_body_per_frame,foot_downward_body_per_frame,in_anchor_search_window
0,117.64766918933502,456.44712443253417,117.56199052787267,456.5329757035988,255.56586092210551,,,False
1,117.47631186641033,456.6188269746635,117.47631186641033,456.6188269746635,255.62245867167297,0.00047448898077032456,0.0003358518320760082,False
2,116.310100469186,457.58549359974086,116.310100469186,457.58549359974086,256.02401858584955,0.005916470387054728,0.003775687259409371,False
3,115.1555266594974,458.6583688897047,115.1555266594974,458.6583688897047,256.7488964741901,0.0061386960832170235,0.004178694844251113,False
4,113.88832043330315,459.2701798260516,113.88832043330315,459.2701798260516,257.70460096274786,0.005460394844741227,0.0023740784373319683,False
5,113.54685623122046,460.73317707726716,113.54685623122046,460.73317707726716,258.2260796895147,0.0058178391477883154,0.005665567370168869,False
6,113.00626561034214,461.8334980423998,113.00626561034214,461.8334980423998,258.8296014659886,0.004736499766811336,0.004251140359914514,False
7,112.69153922098238,461.99040638284566,112.69153922098238,461.99040638284566,258.4651489566297,0.001360615232682351,0.0006070773606393702,False
8,112.1629543954153,462.278708465858,112.1629543954153,462.16828455180024,257.8014032834572,0.002163339262601787,0.0006899813836893583,False
9,112.0471601176362,462.16828455180024,112.0471601176362,462.16828455180024,257.69729549132376,0.0004493422313894665,0.0,False
10,111.55954487640565,462.155111447648,111.55954487640565,462.155111447648,257.3316739985688,0.0018955814467409972,-5.119114933489198e-05,False
11,111.15139961042817,461.9565153261433,111.15139961042817,461.9565153261433,257.3475744676361,0.0017637529392633463,-0.0007717038791429064,False
12,110.8337163778944,461.8871852085386,110.8337163778944,461.947157684182,256.8011696428643,0.00123761516321945,-3.643924976783033e-05,False
13,110.60084252854982,461.947157684182,110.7242073121709,461.947157684182,256.2263445548448,0.0004273919058313704,0.0,False
14,110.7242073121709,462.10736912146933,110.60084252854982,461.947157684182,255.82601842757688,0.00048222141117366024,0.0,False
15,110.55057659051269,461.93511518189496,110.69173062617656,462.10736912146933,255.30192214636665,0.0007214849747632393,0.0006275371369725909,False
16,110.69173062617656,462.2280111947398,110.69173062617656,462.2280111947398,254.2250963389234,0.0004745482448736082,0.0004745482448736082,False
17,110.87275402219399,462.2893458787149,110.87275402219399,462.2893458787149,253.35692062911664,0.0007543978910094144,0.0002420880543654831,False
18,110.8933895243954,462.39955723159085,110.87275402219399,462.39955723159085,252.65571318719216,0.00043621159991053313,0.00043621159991053313,False
19,110.68042422346068,462.5453492002231,110.68042422346068,462.39955723159085,252.3847093938972,0.0007620501225894079,0.0,False
20,110.3879095588487,462.28344023889525,110.3879095588487,462.28344023889525,252.3299792122245,0.0012472513150263993,-0.00046017913946695037,False
21,110.15762859551754,462.1132109471511,110.15762859551754,462.1132109471511,251.7947818948299,0.001137311997751015,-0.0006760636199968479,False
22,110.12429799636303,462.04966958259547,110.15762859551754,462.04966958259547,252.08126187776816,0.0002520669885667958,-0.0002520669885667958,False
23,110.2286768657469,461.9821194654017,110.2286768657469,462.0231038558348,251.7620655622955,0.00030128626514448943,-0.00010551918018843247,False
24,110.29781233153875,462.0231038558348,110.29781233153875,462.0191587712616,250.75644976098533,0.00027615614183390666,-1.5732734200767245e-05,False
25,110.36728644676212,462.0191587712616,110.29781233153875,462.0231038558348,251.5652379665347,1.568215308723392e-05,1.568215308723392e-05,False
26,110.24545795113931,462.0521360646421,110.24545795113931,462.0521360646421,251.67924364550112,0.00023786334934480972,0.00011535400530776216,False
27,110.10749285368095,462.0654296947261,110.10749285368095,462.0521360646421,252.13370876793743,0.0005471902116243606,0.0,False
28,110.09820070209187,462.0216892808472,110.09820070209187,462.0216892808472,251.9210180644808,0.00012636170827942856,-0.00012085845011593064,False
29,110.02119852948559,461.9688553760551,110.02119852948559,461.9966990385501,251.76374298905264,0.00032155476963336235,-9.926068781956587e-05,False
30,109.92836426849814,461.9966990385501,109.92836426849814,461.9966990385501,251.8263639572813,0.0003686439319879663,0.0,False
31,109.72560882030766,462.04129075724484,109.80376902283531,462.04129075724484,251.79920784562847,0.0005255553152939325,0.0001770923708468165,False
32,109.80376902283531,462.0566294899957,109.79130849223944,462.0566294899957,251.405012958574,7.860672216131537e-05,6.1012040175206055e-05,False
33,109.79130849223944,462.0600435050894,109.79130849223944,462.0600435050894,251.01221634419483,1.3600991790093359e-05,1.3600991790093359e-05,False
34,109.34079698457973,462.19532424036817,109.5604483317014,462.19532424036817,251.1855377556253,0.0010652552040151364,0.000538568965743376,False
35,109.5604483317014,462.2408438781018,109.34079698457973,462.19532424036817,251.32132188438143,0.0008739861205358375,0.0,False
36,109.2922340331483,462.02954858191333,109.2922340331483,462.21082395785135,251.74899749164408,0.00020248930608509892,6.156813984411212e-05,False
37,108.90984895726419,462.21082395785135,108.91203370165208,462.02954858191333,251.50715495482544,0.0016747209047271291,-0.0007207563378090544,False
38,108.91203370165208,461.89705440147486,108.91203370165208,461.89705440147486,251.5361521556239,0.0005267401099325769,-0.0005267401099325769,False
39,109.12863959785291,461.5396359731583,109.12863959785291,461.5396359731583,251.2898208318292,0.0016631420695814182,-0.0014223354815305993,False
40,109.31597015866487,460.9477628441458,109.25517046132218,461.3096138538719,251.16211062601224,0.0010452477710663816,-0.0009158312880596007,False
41,109.25517046132218,461.3096138538719,109.25517046132218,461.3096138538719,251.36082994641484,0.0,0.0,False
42,109.23438744837699,461.3159172246304,109.23438744837699,461.3096138538719,251.47623929644044,8.2644042249609e-05,0.0,False
43,109.20998280438289,461.20060570844663,109.23438744837699,461.2861443549639,251.82368357031984,9.31981399654981e-05,-9.31981399654981e-05,False
44,109.2962558205565,461.2861443549639,109.2962558205565,461.2861443549639,251.9264878490305,0.0002455810530593311,0.0,False
45,109.6184042721203,461.98636532944806,109.61208507529224,461.98636532944806,251.9880887487421,0.0030483664023372146,0.002778786005168578,False
46,109.61208507529224,462.1088075754873,109.6184042721203,462.1088075754873,252.17144419527736,0.00048619780736891994,0.00048555159141808364,False
47,109.65594123593107,462.14150758317203,109.61208507529224,462.1088075754873,252.4334546686244,2.5033119466492718e-05,0.0,False
48,109.53347236332687,462.0181594049333,109.53347236332687,462.0181594049333,253.1962815775748,0.00047389204955841093,-0.0003580154099784106,False
49,109.52931279383144,461.91611420679965,109.52931279383144,461.91611420679965,253.17804447473904,0.0004033917688618946,-0.0004030570594908173,False
50,109.52248976836637,461.89242538905694,109.52248976836637,461.89242538905694,253.36269710785515,9.729866069126789e-05,-9.34976538105956e-05,False
51,109.51800110637532,461.8838459841064,109.51800110637532,461.8838459841064,253.51145459389943,3.8194247193210495e-05,-3.3842277321422274e-05,False
52,109.4968788291165,461.8488987277017,109.4968788291165,461.8488987277017,253.8920710809876,0.00016083432724829557,-0.00013764611181412984,False
53,109.46480783007902,461.78105787956076,109.46480783007902,461.78105787956076,253.20831603247152,0.00029635488202573633,-0.00026792503976140307,False
54,109.46187310653977,461.7803906759341,109.46480783007902,461.78105787956076,252.9688845393749,0.0,0.0,False
55,109.50469776547129,461.81255297040474,109.46187310653977,461.81255297040474,252.98921934375423,0.00012503111673250493,0.0001244918298324045,False
56,109.39060792802874,461.82349881464165,109.41266656154647,461.81675063470806,253.26346749083865,0.00019499561489437454,1.6574298476235282e-05,False
57,109.41266656154647,461.81675063470806,109.41266656154647,461.82349881464165,252.97890713880776,2.6674871869425983e-05,2.6674871869425983e-05,False
58,109.68953532088167,461.9690450390666,109.68953532088167,461.9690450390666,252.73332910512923,0.0012376439793837604,0.0005758885262196849,False
59,109.77940401715452,462.0284884016487,109.68953532088167,461.9690450390666,252.77239226971767,0.0,0.0,False
60,109.6722908255309,461.96022027429296,109.6722908255309,462.0069650019816,253.1239405370664,0.00016457110530795186,0.00014980788792455274,False
61,109.63725039708231,462.0069650019816,109.63837092646088,461.9733472246103,252.92921571430816,0.00018881498797690223,-0.00013291377698846488,False
62,109.63837092646088,461.9733472246103,109.63837092646088,461.97900356613735,252.6545141755112,2.2387652742045742e-05,2.2387652742045742e-05,False
63,109.63935404672864,461.97900356613735,109.63837092646088,461.97900356613735,252.57293641676003,0.0,0.0,False
64,109.40562881012107,462.0449295178171,109.40562881012107,462.0449295178171,252.87455058056003,0.0009565968363751851,0.0002607061546066024,False
65,109.40401817366478,462.1332299945429,109.40401817366478,462.1332299945429,252.03275730771648,0.00035041145356743574,0.00035035317499620223,False
66,109.20004524865959,462.3416433237844,109.34869407384798,462.27571650262695,251.7926851919242,0.000607047523422939,0.0005658881947879232,False
67,109.34869407384798,462.27571650262695,109.22080662565367,462.27571650262695,252.02168833893785,0.0005074462005124024,0.0,False
68,109.22080662565367,462.1756294250133,109.34869407384798,462.27571650262695,252.34457270583567,0.0005067969040229624,0.0,False
69,109.41287970627067,462.2997337391017,109.30684684311944,462.2997337391017,252.0799197342505,0.00019140573639276942,9.52762778570225e-05,False
70,109.30684684311944,462.39146856900413,109.41287970627067,462.39146856900413,252.03273537727893,0.0005563081746979937,0.0003639798209747836,False
71,109.5635726449122,462.53257731839335,109.30684684311944,462.42030183303575,252.0840954955781,0.00043589911571181964,0.00011437954455212439,False
72,109.2491465613779,462.42030183303575,109.2491465613779,462.42030183303575,252.38559824294308,0.00022861954938492425,0.0,False
73,109.19870117561048,462.38771187971054,109.2491465613779,462.41297966193235,252.28205126612977,2.9023749674813485e-05,-2.9023749674813485e-05,False
74,109.43143677365222,462.41297966193235,109.36313458609682,462.41297966193235,252.1178844577103,0.00045212193083446733,0.0,False
75,109.36313458609682,462.46117889195466,109.36313458609682,462.41297966193235,252.03611406344123,0.0,0.0,False
76,109.24715518581266,462.37617881214555,109.24715518581266,462.37617881214555,252.0453240444791,0.0004827621848274502,-0.00014600885743988682,False
77,109.10420950632009,462.28589221051294,109.2173165614193,462.28679177615305,251.78207757348463,0.00037427524372113434,-0.0003550174692891452,False
78,109.2173165614193,462.28679177615305,109.17021016051133,462.28679177615305,251.49717625198645,0.00018730389585275498,0.0,False
79,109.17021016051133,462.32059137990325,109.2173165614193,462.3198703615428,251.42627935879923,0.0002289357092675504,0.00013156375488724761,False
80,109.28538415970212,462.3198703615428,109.17021016051133,462.32059137990325,251.52713742879587,0.0001873035215186907,2.866562899707164e-06,False
81,109.10051926904828,462.3416213202098,109.10051926904828,462.3416213202098,251.4920688609812,0.0002894515589420334,8.362068991601783e-05,False
82,109.03936741772216,462.4249336004252,109.10051926904828,462.4249336004252,251.20755013297511,0.0003316471983875825,0.0003316471983875825,False
83,109.11015315885464,462.54000177311434,109.11015315885464,462.4743978969468,251.01290156016452,0.00020076153078608483,0.00019705878149747506,False
84,109.88181091627769,462.4743978969468,109.54223736633503,462.5024590204067,250.64854229868828,0.0017274963603239235,0.00011195406605025072,False
85,109.54223736633503,462.5024590204067,109.7830551370688,462.4743978969468,250.457276522605,0.0009680180319834249,-0.00011203956159514398,False
86,109.7830551370688,462.40575635875257,109.7830551370688,462.41575419434673,250.3645514324081,0.0002342332501329036,-0.0002342332501329036,False
87,109.83733059652474,462.41575419434673,109.83733059652474,462.40575635875257,250.3687158045681,0.00022042932030522127,-3.993244747865017e-05,False
88,110.14457651484597,462.3409271564167,109.83733059652474,462.41575419434673,250.90276424542577,3.9847450960657475e-05,3.9847450960657475e-05,False
89,109.60352718878164,462.47996944769125,109.60352718878164,462.47996944769125,250.7470199726939,0.0009669570942140382,0.0002560957787315165,False
90,109.52937881074081,462.65495805365674,109.52937881074081,462.65495805365674,251.05292472002,0.0007570116075447271,0.0006970187906022079,False
91,109.51779500446395,462.80403427832135,109.52937881074081,462.65495805365674,251.1333792067548,0.0,0.0,False
92,109.95663447074722,462.63861483898233,109.91143872540033,462.8019896759206,251.225226574843,0.0016295148078991767,0.0005852581934881868,False
93,109.91143872540033,462.8019896759206,109.95663447074722,462.63861483898233,250.4576168255052,0.000676805290755506,-0.0006523053241861838,False
94,109.9794204844963,462.50368659084404,109.9794204844963,462.50368659084404,250.5961397574958,0.0005460527743589311,-0.0005384290766364782,False
95,110.0368261929806,462.07374280324,110.0368261929806,462.07374280324,250.5685045388457,0.0017311003951167878,-0.0017158732235534302,False
96,110.07079442745359,462.0533475924457,110.07079442745359,462.07374280324,252.5008271773557,0.00013452722057474497,0.0,False
97,110.18428246736947,462.16670388536227,110.07079442745359,462.16670388536227,252.3230781571553,0.00036842084680165045,0.00036842084680165045,False
98,110.0134393780976,462.73871117705426,110.18428246736947,462.16670388536227,252.4685521864833,0.00044951356885055565,0.0,False
99,110.25673469755502,461.73195584082464,110.25673469755502,461.73195584082464,252.2934173813931,0.0017469496723765356,-0.0017231842552610762,False
100,110.79708856303242,459.560114335148,110.79708856303242,459.560114335148,251.7202131305998,0.008891031083435925,-0.008627998040625463,False
101,112.8606930867522,457.9573141806419,112.8606930867522,457.9573141806419,250.2214075146989,0.010442493842987705,-0.006405527690159542,False
102,113.75709294723998,457.09866930483304,113.75709294723998,457.09866930483304,249.27907761609603,0.004979524023177482,-0.003444512407620609,False
103,116.79470282842425,452.907911943703,116.79470282842425,452.907911943703,248.28823030175084,0.02084617319191516,-0.016878598538629396,False
104,120.10845598754858,447.3557228296315,120.10845598754858,447.3557228296315,247.4953703836629,0.026125306287029408,-0.02243350696000757,False
105,127.77807095664195,441.7686397738423,127.77807095664195,441.7686397738423,245.44397514839707,0.038659989122337625,-0.022763170505249366,False
106,136.31581201411848,439.7489633985447,136.31581201411848,439.7489633985447,244.5616152021749,0.0358738853698482,-0.00825835392699716,False
107,144.50452103005296,436.0296791174417,144.50452103005296,436.0296791174417,243.08185437395096,0.03699896632368602,-0.015300542653345683,False
108,146.96050295874707,434.1814508110814,146.96050295874707,434.1814508110814,242.2354905008244,0.012689001832710895,-0.007629882403024645,False
109,173.62397341171348,430.95457529099167,173.62397341171348,430.95457529099167,239.99445236726424,0.11191101466696811,-0.013445625464507083,False
110,181.30383933441527,427.885925650903,181.30383933441527,427.885925650903,239.81157532748105,0.03448642926778418,-0.012796086410333569,False
111,191.96918452930976,425.58272884997416,191.96918452930976,425.58272884997416,238.7065700897837,0.04570967958463091,-0.009648652737386127,False
112,201.9785070022159,424.7040321876022,201.9785070022159,424.7040321876022,238.40161004772372,0.042146602449751686,-0.0036857832553902035,False
113,211.158931180871,421.1552835959079,211.158931180871,421.1552835959079,238.15484925685453,0.04132793915415719,-0.014901013364908998,False
114,220.8750387960818,416.87405651291635,220.8750387960818,416.87405651291635,236.0158679389021,0.04498645112120763,-0.018139573073535264,False
115,230.93448073406404,413.64534861328866,230.93448073406404,413.64534861328866,235.58301665407924,0.04484572523489158,-0.013705181067311825,False
116,239.56936113601057,408.9979608184127,239.56936113601057,408.9979608184127,232.97662943546132,0.04209043879230584,-0.019947871192648372,False
117,248.7635337211022,404.1279619074081,248.7635337211022,404.1279619074081,232.0273474637708,0.04484088478347091,-0.020988900507794655,False
118,253.87372817647878,397.4478561910992,253.87372817647878,397.4478561910992,229.53911211988984,0.03664117425202176,-0.0291022547513377,False
119,259.1857283764527,391.4467388948519,259.1857283764527,391.4467388948519,226.7397702144094,0.03534628794425742,-0.02646698146766478,False
120,262.9368289337439,386.41793752891977,262.9368289337439,386.41793752891977,224.72555512147707,0.02791726495093587,-0.022377523389423847,False
121,265.5124270012143,379.5739000805158,265.5124270012143,379.5739000805158,221.73695700207043,0.03297884961723186,-0.030865569460935986,False
122,268.16815059447043,373.51794621496697,268.16815059447043,373.51794621496697,219.41392273155725,0.030137891797005795,-0.027600590656035963,False
123,268.90754428546165,369.4995357989336,268.16815059447043,369.4995357989336,217.71176851700628,0.018457479094518812,-0.018457479094518812,False
124,267.99357161000046,365.7432821413961,267.99357161000046,365.7432821413961,214.87041661757783,0.017500354270667814,-0.017481483568875005,False
125,265.45292396809924,361.75453133154946,265.45292396809924,361.75453133154946,211.9508841180762,0.02231256232553724,-0.018819222323340407,False
126,262.44725477808845,358.02785431841585,262.44725477808845,358.02785431841585,209.76135592486887,0.022824557776351395,-0.017766270611200712,False
127,257.8421217819307,356.2468223098892,257.8421217819307,356.2468223098892,207.95509922908747,0.023743310050407473,-0.008564502698559198,False
128,253.2664405566979,353.4150164473909,253.2664405566979,353.88189697971535,206.3294410847399,0.024963485165386205,-0.011461889867682786,False
129,246.5356717963731,353.88189697971535,246.5356717963731,353.62932241522344,204.8939725988384,0.032873129376694614,-0.0012327086116214058,False
130,242.1991267079324,353.62932241522344,242.1991267079324,353.62932241522344,204.41698846189897,0.021214210820100065,0.0,False
131,236.79661959084214,353.1025751509066,236.79661959084214,353.1025751509066,203.0040577557126,0.026738999720192884,-0.0025947622433769605,False
132,227.07566311551,350.86686225145894,227.07566311551,352.7950334877379,202.449627228876,0.048040691582477035,-0.0015191021459428039,False
133,219.13040938819313,352.7950334877379,219.13040938819313,352.7950334877379,201.6223249704605,0.039406616943242365,0.0,False
134,209.9154170900734,353.615183326618,209.9154170900734,353.615183326618,202.18832185537704,0.04575643924497377,0.004056366022300589,False
135,201.25569283521332,353.8541019844222,201.25569283521332,353.8541019844222,201.40662679728823,0.04301258407090752,0.0011862502321963318,False
136,192.43472535077296,354.2306100026881,192.43472535077296,354.2306100026881,200.80398034710464,0.043968247618440995,0.0018750027644625006,False
137,185.18552863558733,356.7308743891417,185.18552863558733,356.7308743891417,200.44248447440688,0.03825664826514684,0.012473724784492372,False
138,178.42219472976515,358.7805296105703,178.42680785942017,356.7308743891417,200.65808085573303,0.03368277393735505,0.0,False
139,178.42680785942017,354.6802732560275,178.42219472976515,354.6802732560275,198.50313047555863,0.010330347522241708,-0.01033032138184203,False
140,178.25894475050518,346.8989682169389,178.25894475050518,354.05710322272125,194.15726695549392,0.0033179200929224235,-0.0032096147781533768,False
141,174.70042301519732,354.05710322272125,174.70042301519732,354.05710322272125,196.59479570641204,0.01810079316963221,0.0,False
142,168.34427644868842,360.17989746342454,171.95025954965797,360.17989746342454,198.7365629818304,0.03377375149159333,0.030808594799252242,False
143,171.95025954965797,361.83830100548465,171.95025954965797,361.83830100548465,197.84785072940687,0.008382216617193806,0.008382216617193806,False
144,173.4972074337315,367.2462865361415,171.95025954965797,367.2462865361415,198.31851091838004,0.02726919189546837,0.02726919189546837,False
145,170.51809770564407,372.54181032398884,170.51809770564407,372.54181032398884,198.93715370092468,0.02757538617165034,0.026619078886633986,False
146,169.63281139972696,378.2381229658796,170.51809770564407,378.2381229658796,199.9743206720538,0.02848522061606288,0.02848522061606288,False
147,174.00149574086933,380.5072420256553,172.0879057423768,380.5072420256553,198.4095943656922,0.013906598291514067,0.011436538979024486,False
148,172.0879057423768,387.3680381845612,174.00149574086933,387.3680381845612,201.090345685325,0.0354202214358398,0.03411797883943179,False
149,177.01189072708524,399.73869739745584,177.01189072708524,399.73869739745584,203.44958123731004,0.06257904480576224,0.06080454497699405,False
150,177.06581141221614,417.7928219686243,177.06581141221614,417.7928219686243,206.8809818935,0.08726855859759776,0.08726816938863202,False
151,181.8025430221795,430.546394911091,181.8025430221795,430.546394911091,209.49565730283325,0.06494066704713598,0.06087750508370184,False
152,188.34120081081426,434.8831443405129,188.34120081081426,434.8831443405129,208.0288225429368,0.03771645606822915,0.020846868123414977,False
153,196.55516098291534,439.594045109129,196.55516098291534,439.594045109129,208.9278027694673,0.0453218171948802,0.02254798406995244,False
154,207.10728225715667,444.7961440216144,207.10728225715667,444.7961440216144,208.9593138736607,0.056301580070790676,0.02489527179262578,False
155,214.0740615307169,448.9964195757633,214.0740615307169,448.9964195757633,207.8006512696348,0.03914812726456991,0.020213004764353566,False
156,221.5037257640265,451.3653104709757,221.5037257640265,451.3653104709757,207.4202522355864,0.03759602201647723,0.011420730954091443,False
157,230.91082116260577,451.68768979588026,230.91082116260577,451.3653104709757,204.50575929461408,0.04599917103081315,0.0,False
158,236.21719734717436,450.22126367895476,236.21719734717436,450.22126367895476,202.30243206904555,0.026832612654196886,-0.00565513118315106,False
159,243.05571778261566,445.47558167382533,243.05571778261566,445.47558167382533,200.43922483170184,0.04152816331240213,-0.02367641368157416,False
160,246.96215269255674,439.49689759223986,246.96215269255674,439.49689759223986,198.7568960162668,0.035932193678544305,-0.030080385644059154,False
161,249.86885369070856,435.8295152191072,249.86885369070856,435.8295152191072,196.51134297166783,0.023813355369549778,-0.018662446236813054,False
162,252.3921574358268,433.39228430106334,251.90325989533886,433.39228430106334,193.87067956042412,0.01637549751545131,-0.012571426084490618,False
163,251.90325989533886,427.5067093501925,251.90325989533886,427.5067093501925,191.67942652845767,0.030705303419702255,-0.030705303419702255,False
164,248.97389456622128,421.9862707688079,248.97389456622128,421.9862707688079,189.1189876437521,0.03304540664022108,-0.02919029257804399,False
165,244.405124542329,420.87619240651827,244.405124542329,420.87619240651827,188.9646957290863,0.024881339499292898,-0.0058745278212239795,False
166,238.24588245110354,419.5272532136392,238.24588245110354,420.87619240651827,187.3421343543442,0.03287697192333512,0.0,False
167,234.16953017458525,422.3482045369828,234.16953017458525,422.3482045369828,187.70446877026467,0.023089433242146986,0.007842179464923374,True
168,232.95208009618105,424.3319994173495,232.95208009618105,424.3319994173495,188.69100370458915,0.012335403172286874,0.01051345767110599,True
169,228.21585531564952,430.79219285507367,228.21585531564952,430.79219285507367,193.1409118533578,0.041474193566505425,0.03344808397005536,True
170,224.5915492498205,441.136327228924,224.5915492498205,441.136327228924,195.22568456207028,0.05614368491582385,0.05298551979497106,True
171,220.20464162271645,452.4160111054849,220.20464162271645,452.0339684251081,197.3846445157968,0.05951572837424885,0.05521017717926871,True
172,219.09009085414726,452.0339684251081,219.09009085414726,452.4160111054849,197.8305331362004,0.005955655578467881,0.0019311613547225985,True
173,214.78532035391152,464.1378580463031,214.8051560755835,464.1378580463031,201.18103417529835,0.06203606258989677,0.05826516892543854,True
174,214.8051560755835,466.4859876007144,214.8051560755835,466.4859876007144,199.7520540867191,0.011755221067173029,0.011755221067173029,True
175,214.88062283915244,466.6647084588266,214.8051560755835,466.4859876007144,196.39704792703063,0.0,0.0,True
176,212.00367423289055,465.42450628422887,212.00367423289055,465.42450628422887,191.85949244549167,0.015614748016669773,-0.005532597334411791,True
177,210.64728120084246,464.838564727866,211.40478262037027,465.42450628422887,183.1138170768567,0.0032705976101678282,0.0,True
178,211.40478262037027,465.62828898125497,211.40478262037027,465.62828898125497,182.24476194283665,0.0011181813669356292,0.0011181813669356292,True
179,211.74632909818183,465.7766361256872,211.6532818455393,465.7766361256872,179.2808311329167,0.0016142887171046053,0.0008274568089338428,True
180,211.6532818455393,465.9246693479385,211.6532818455393,465.7766361256872,175.7804057891901,0.0,0.0,True
181,210.68451939631973,465.71740605489305,211.6532818455393,465.71740605489305,171.88874269062651,0.00034458376893696193,-0.00034458376893696193,True
182,211.8649858443452,465.2639688329705,210.68451939631973,465.2639688329705,169.18144730835135,0.006322377088865866,-0.00268018289911028,True
183,208.78925306473232,463.5781959707279,208.78925306473232,463.5781959707279,167.46827081444215,0.015146190777913834,-0.010066222419591583,False
184,200.61519640401934,463.20583285549213,201.27158231391118,463.24819830030424,168.8447817488723,0.044567027893166265,-0.0019544439988348626,False
185,201.27158231391118,463.24819830030424,201.27158231391118,463.20583285549213,166.89947159091844,0.0002538381003143381,-0.0002538381003143381,False
186,204.75861299273632,462.5791052077106,201.27158231391118,462.5953414377402,162.49558631933908,0.0037569723066334135,-0.0037569723066334135,False
187,196.16350692718612,462.5953414377402,196.16350692718612,462.5945087605558,161.3958435337642,0.031649361859338095,-5.159223225170521e-06,False
188,193.49691144308392,462.5945087605558,193.49691144308392,462.5945087605558,160.05009978346604,0.016661004821052133,0.0,False
189,192.90954857023377,461.9564392941603,193.49691144308392,462.0396632293474,158.4460890896629,0.003501793792426263,-0.003501793792426263,False
190,203.46466964418946,462.0396632293474,202.82901846913603,461.9564392941603,160.88953614153246,0.05800550078598153,-0.0005172737592698115,False
191,202.82901846913603,461.5954839951719,203.46466964418946,461.9823619405048,159.03792547502445,0.004000175005183389,0.00016299663282874253,False
192,208.6599665690648,461.9823619405048,208.6599665690648,461.9823619405048,149.0057961180436,0.034866408288974166,0.0,False
193,209.34470935158313,465.35277089529393,209.34470935158313,465.35277089529393,146.91824920397846,0.02340936476498952,0.02294071004147154,False
194,211.0068143161114,469.3042108233158,211.0068143161114,469.3042108233158,164.8244122075997,0.02600815317371873,0.023973632759235808,False
195,211.49304023908348,469.5251478236308,211.46871922694874,469.3042108233158,165.1201814018867,0.00279738616391848,0.0,False
196,211.46871922694874,468.7731903471357,211.46871922694874,469.12730390974934,122.448553247632,0.0014447448244547122,-0.0014447448244547122,False
197,211.31707829505774,469.12730390974934,211.31707829505774,468.7731903471357,119.04415375964189,0.003235908818924624,-0.002974640513036976,False
198,210.85185175376245,468.5634271884244,210.8921800505317,468.5634271884244,113.88441289174705,0.004160846578447785,-0.001841895246109897,False
199,210.8921800505317,467.58626640228385,210.8921800505317,467.58626640228385,110.7641188083129,0.008821997562510231,-0.008821997562510231,False
200,210.94124291885333,467.410188067136,210.94124291885333,467.410188067136,107.86233169424987,0.0016946237025455256,-0.001632435831694858,False
201,211.3275345524779,467.1873285427646,211.3275345524779,467.1873285427646,110.64611564084817,0.004030581198238095,-0.0020141649174093587,False
202,211.63764398912622,467.08048764594446,211.63764398912622,467.08048764594446,110.98984305741894,0.0029552094368552767,-0.0009626186854310493,False
203,211.70272472484152,466.9735865906258,211.70272472484152,466.9735865906258,117.2996069834863,0.0010669537641713601,-0.0009113504986738297,False
204,211.7138332673096,466.618101520678,211.70272472484152,466.8049669321007,121.81437095185458,0.0013842345300274586,-0.0013842345300274586,False
205,211.47489046575407,466.8049669321007,211.7138332673096,466.8049669321007,128.52284721033138,8.64324336817268e-05,0.0,False
206,212.14164518705724,466.98137217439165,211.72674439214757,466.98137217439165,132.70773575179496,0.0013328318335208275,0.0013292762572703495,False
207,211.72674439214757,467.0177180711412,211.72674439214757,466.98137217439165,136.68152041043652,0.0,0.0,False
208,211.643868788053,466.9123834929518,211.643868788053,467.0177180711412,138.991964841662,0.0006510825888487323,0.00026149638787351776,False
209,211.64302210455617,467.0661340909048,211.643868788053,467.0661340909048,143.57781572106197,0.00033721100659238757,0.00033721100659238757,False
210,212.3137723552746,467.34966146551824,212.21623899486323,467.33332797406723,147.17723847524476,0.004291863690439425,0.001815456560610411,False
211,212.21623899486323,467.33332797406723,212.25581315536792,467.34966146551824,150.6543026814342,0.0002841760707811087,0.00010841702600121109,False
212,212.25581315536792,467.3555066858998,212.21623899486323,467.3555066858998,154.6485639945248,0.0002586736570631466,3.779679701239287e-05,False
213,211.61275967370662,467.76538025736494,211.67402487597553,467.76538025736494,159.66176874366556,0.004257126195579056,0.0025671366081581287,False
214,211.67402487597553,468.2303924194464,211.67402487597553,468.2303924194464,163.59662281663856,0.002842431304970412,0.002842431304970412,False
215,212.06007105029204,468.3033721237267,211.67402487597553,468.2303924194464,167.22030448088998,0.0,0.0,False
216,211.53038356060745,468.1601944571106,211.53038356060745,468.1601944571106,171.7502068893185,0.0009308679873228809,-0.0004087212679808927,False
217,211.51731412675633,468.08158734589574,211.53038356060745,468.10480221890407,175.07617013886778,0.00031638936448404324,-0.00031638936448404324,False
218,211.65002993411906,468.10480221890407,211.65002993411906,468.10480221890407,178.61654623303656,0.0006698504479843338,0.0,False
219,211.68362393318287,468.15849708365636,211.65002993411906,468.10480221890407,182.6293781321382,0.0,0.0,False
220,211.59874147599223,468.0959047024324,211.67145877552463,468.0959047024324,185.2672816906603,0.0001252385652473238,-4.8025298317558666e-05,False
221,211.67145877552463,467.987925970451,211.67145877552463,467.987925970451,188.29222782686548,0.0005734635636723723,-0.0005734635636723723,False
222,211.76987972259803,467.9686866032466,211.76024643951632,467.9733919698418,192.2780533103997,0.0004679128086015136,-7.558845307060327e-05,False
223,211.76024643951632,467.9733919698418,211.76024643951632,467.9686866032466,195.46346126182647,2.40728705243819e-05,-2.40728705243819e-05,False
224,211.17738953575713,467.919503175267,211.36994021796258,467.919503175267,199.9448039987056,0.0019675073808584484,-0.0002459850268475121,False
225,211.36994021796258,467.8944252034877,211.17738953575713,467.919503175267,203.03527979987425,0.0009483607104895343,0.0,False
226,210.90753443543048,467.9217692928214,210.90753443543048,467.9217692928214,207.32831864212525,0.0013016293038341335,1.0930091794834773e-05,False
227,210.50852026164256,467.92451396790204,210.50852026164256,467.9217692928214,211.4238558690444,0.0018872712927677719,0.0,False
228,210.23955120296753,467.7699817045706,210.23955120296753,467.7699817045706,215.01402938664503,0.0014363840449617222,-0.0007059427177090594,False
229,210.09770928728278,467.6630289268418,210.23955120296753,467.6630289268418,218.7081397400303,0.0004890205634595057,-0.0004890205634595057,False
230,210.37467519167848,467.1399993717145,210.09770928728278,467.16395172964116,220.19801998443492,0.0023562525729678846,-0.002266492665265102,False
231,210.0637973535264,467.16395172964116,210.0637973535264,467.1399993717145,220.0341653589328,0.00018868835231449277,-0.00010885744896740724,False
232,209.89963028119115,467.07015151918654,210.0637973535264,467.07015151918654,220.61890591336984,0.00031659957807694946,-0.00031659957807694946,False
233,210.44308401790784,466.8447587722203,210.44308401790784,466.92721417218235,220.29243076196428,0.0018399468362506769,-0.0006488527386519353,False
234,210.8056281117662,466.92721417218235,210.44308401790784,466.92721417218235,220.13465079108693,0.0,0.0,False
235,210.03879599202975,467.0697127665611,210.03879599202975,467.02977235557273,222.1725119794108,0.001877340709750266,0.00046161508674795004,False
236,209.4749910246984,467.02977235557273,210.03879599202975,467.04905349310343,222.50147877809107,8.665622195674109e-05,8.665622195674109e-05,False
237,210.06200234267317,467.04905349310343,210.06200234267317,467.02977235557273,221.11405453850423,0.00013645052200118653,-8.719996370624107e-05,False
238,210.32716455488594,466.9176939155362,210.32716455488594,466.9176939155362,222.95576309626017,0.0012911797768277392,-0.000502693621730539,False
239,210.46285184381972,466.5554433231683,210.32716455488594,466.7394529360962,223.76628543674693,0.0007965497532038225,-0.0007965497532038225,False
240,210.29743852262862,466.7394529360962,210.29743852262862,466.7394529360962,225.9180954484132,0.000131578801593177,0.0,False
241,210.28370032306418,466.8670750881341,210.28370032306418,466.8670750881341,227.02174768772463,0.0005654060221321695,0.0005621582660592536,False
242,210.13493769718946,467.0301048995274,210.13493769718946,467.0301048995274,229.534235590257,0.000961517751469532,0.0007102635952064527,False
243,209.57959432771395,467.1157313854758,209.57959432771395,467.1157313854758,230.2961322880153,0.0024399273088135543,0.0003718103517314953,False
244,208.69669227668987,467.5187587320115,209.0839091307272,467.5187587320115,232.2157703121341,0.0027511237949065137,0.0017355726787806245,False
245,209.0839091307272,467.771366308853,209.0839091307272,467.771366308853,233.9586686992912,0.0010797102678256993,0.0010797102678256993,False
246,209.25429719426307,467.98314197193525,209.25429719426307,467.98314197193525,234.7700593001489,0.0011577738667807682,0.0009020556697629285,False
247,209.48560324770094,468.3944147266335,209.25429719426307,468.0583479886612,237.9295215769084,0.00031608526855974505,0.00031608526855974505,False
248,208.962554654173,468.0583479886612,208.962554654173,468.28360023052824,238.88879185938063,0.001542899701987024,0.0009429167442884725,False
249,208.60552872669132,468.28360023052824,208.60552872669132,468.16654434624365,241.1708125890744,0.0015579224460713216,-0.00048536505320828795,False
250,207.7998644385886,468.16654434624365,208.2759168162974,468.16654434624365,242.5166545099061,0.0013591310298255992,0.0,False
251,208.2759168162974,468.03243816042846,208.2759168162974,468.03243816042846,242.680536694028,0.0005526037960937927,-0.0005526037960937927,False
252,210.27780751645793,467.31010125940236,209.52915770041574,467.4240130657723,243.8832896647253,0.005712255896945166,-0.0024947387559541554,False
253,209.52915770041574,467.4240130657723,209.66133694729126,467.4240130657723,244.9159373810589,0.0005396923054046452,0.0,False
254,209.66133694729126,467.60030780723724,209.66133694729126,467.4240130657723,246.02754357339543,0.0,0.0,False
255,211.06295101657702,467.41993457769496,211.06295101657702,467.41993457769496,247.1636530474612,0.005670817637981431,-1.650116441889835e-05,False
256,211.74681744080985,466.64550161903367,211.245762291811,466.64550161903367,247.46741298755416,0.003215443638615647,-0.0031294340911877635,False
257,211.245762291811,465.1941529584917,211.29323310913637,465.1941529584917,247.27730923058232,0.005872454682579014,-0.005869315971845167,False
258,211.29323310913637,465.0035637665601,211.245762291811,465.0035637665601,248.2496867943967,0.0007911877620894091,-0.0007677318525258404,False
259,211.21007932007723,464.95923451479064,211.29323310913637,464.95923451479064,248.7380489658264,0.00026111988526335403,-0.00017821660961707053,False
260,212.66481780704447,464.6135634667261,212.3351115424369,464.6135634667261,248.93021264457383,0.004409768175998385,-0.0013886263318230233,False
261,212.3351115424369,464.232677288315,212.3351115424369,464.232677288315,247.60260472493525,0.001538296331067242,-0.001538296331067242,False
262,212.20045089984842,463.77326558044706,212.20045089984842,463.77326558044706,246.08626721717664,0.0019454179677043989,-0.0018668725933516487,False
263,212.00548051608985,463.1490997130137,212.20045089984842,463.77326558044706,245.62658949614053,0.0,0.0,False
264,212.37612554812017,463.8469132947318,212.0491908517943,463.8469132947318,245.8158807611101,0.0006844012748407445,0.00029960519253963375,False
265,212.0491908517943,464.3566812629851,212.0491908517943,464.3566812629851,244.5792200691422,0.0020842652458748913,0.0020842652458748913,False
266,211.97503851385738,465.1309829617866,211.97503851385738,465.1309829617866,244.0567272448148,0.003187145328728463,0.0031726300173843328,False
267,211.65070243973537,465.3372240486774,211.65070243973537,465.3372240486774,243.1502232443201,0.001580733329606353,0.0008482043904339497,False
268,211.36308376830067,465.47936746895476,211.50689310401802,465.40829575881605,241.4057348575029,0.0006644951719971245,0.0002944077123130724,False
