frame,index,offset_frames_from_anchor,offset_sec_from_anchor,timing_score,score,prev_speed_median,post_speed_median,speed_ratio,speed_drop
175,175,-5,-0.08474576271186418,0.8910411622276012,11.908353510895882,0.04880893924116464,0.0013662350420201174,35.72514079934274,0.04744270419914452
176,176,-4,-0.06779661016949134,0.7699757869249382,11.75096852300242,0.03394945299149844,0.0013662350420201174,24.848911019952116,0.03258321794947832
174,174,-6,-0.10169491525423702,0.9858757062146916,11.413880436025979,0.04880893924116464,0.002442443163636217,19.983654059118305,0.04636649607752842
177,177,-3,-0.05084745762711851,0.648910411622275,10.34675355242409,0.0136849845419214,0.0013662350420201174,10.016566784648386,0.012318749499901284
178,178,-2,-0.03389830508474567,0.527845036319612,9.54115688125512,0.008855438322820455,0.0013662350420201174,6.481636065875451,0.007489203280800338
173,173,-7,-0.11864406779660985,0.8446327683615846,9.487508220122704,0.032281813404326204,0.007512909338670428,4.296845862117001,0.024768904065655774
172,172,-8,-0.1355932203389827,0.7033898305084776,9.176622158919603,0.03717558274492028,0.008855438322820455,4.198051117257386,0.028320144422099822
171,171,-9,-0.15254237288135553,0.5621468926553707,8.02988392015148,0.02887915571131401,0.0136849845419214,2.11028047732521,0.01519417116939261
179,179,-1,-0.016949152542372836,0.4067796610169488,5.73460048378653,0.007512909338670428,0.003968332902985236,1.893215494349966,0.0035445764356851926
